eventId,eventDate,round,distance,fall,gate,wind,speed,stylePoints
2022-women-wc,2022-12-03,first,99.0,0,10,0.18,85.5,55.0
2022-women-wc,2022-12-03,first,97.5,0,10,0.35,84.8,55.5
2022-women-wc,2022-12-03,first,95.0,0,10,0.03,84.5,54.5
2022-women-wc,2022-12-03,first,96.5,0,10,0.29,84.9,51.0
2022-women-wc,2022-12-03,first,95.0,0,10,0.27,85.3,53.5
2022-women-wc,2022-12-03,first,93.0,0,10,0.08,85.3,53.0
2022-women-wc,2022-12-03,first,93.0,0,10,0.28,85.1,54.5
2022-women-wc,2022-12-03,first,94.0,0,10,0.32,84.7,52.5
2022-women-wc,2022-12-03,first,95.5,0,10,0.31,84.7,47.0
2022-women-wc,2022-12-03,first,91.0,0,10,0.36,84.7,54.0
2022-women-wc,2022-12-03,first,92.0,0,10,0.36,84.5,51.0
2022-women-wc,2022-12-03,first,91.0,0,10,0.36,85.0,52.5
2022-women-wc,2022-12-03,first,90.0,0,10,0.10,85.6,51.5
2022-women-wc,2022-12-03,first,89.5,0,10,0.26,84.9,53.0
2022-women-wc,2022-12-03,first,91.0,0,10,0.31,84.5,49.5
2022-women-wc,2022-12-03,first,89.5,0,10,0.32,85.3,52.0
2022-women-wc,2022-12-03,first,89.0,0,10,0.31,84.4,52.5
2022-women-wc,2022-12-03,first,88.0,0,10,0.33,84.2,53.5
2022-women-wc,2022-12-03,first,89.0,0,10,0.40,84.5,51.5
2022-women-wc,2022-12-03,first,88.0,0,10,0.17,85.3,51.5
2022-women-wc,2022-12-03,first,87.5,0,10,0.26,85.0,51.0
2022-women-wc,2022-12-03,first,87.5,0,10,0.35,84.7,50.5
2022-women-wc,2022-12-03,first,87.0,0,10,0.25,84.2,50.5
2022-women-wc,2022-12-03,first,85.5,0,10,-0.03,85.0,51.0
2022-women-wc,2022-12-03,first,87.0,0,10,0.33,84.4,51.0
2022-women-wc,2022-12-03,first,83.5,0,10,0.25,84.9,49.5
2022-women-wc,2022-12-03,first,83.0,0,10,0.31,84.3,49.5
2022-women-wc,2022-12-03,first,82.0,0,10,0.12,84.7,50.0
2022-women-wc,2022-12-03,first,83.0,0,10,0.40,84.5,48.5
2022-women-wc,2022-12-03,first,82.0,0,10,0.41,84.6,50.0
2022-women-wc,2022-12-03,first,81.5,0,10,0.24,84.9,49.5
2022-women-wc,2022-12-03,first,81.5,0,10,0.32,83.9,49.5
2022-women-wc,2022-12-03,first,81.0,0,10,0.23,84.4,48.5
2022-women-wc,2022-12-03,first,81.0,0,10,0.42,85.5,49.5
2022-women-wc,2022-12-03,first,80.0,0,10,0.25,84.5,49.5
2022-women-wc,2022-12-03,first,80.5,0,10,0.32,85.0,49.0
2022-women-wc,2022-12-03,first,79.0,0,10,0.24,84.1,49.0
2022-women-wc,2022-12-03,first,79.5,0,10,0.42,84.3,49.0
2022-women-wc,2022-12-03,first,80.0,0,10,0.34,84.4,47.0
2022-women-wc,2022-12-03,first,76.5,0,10,0.52,84.5,46.5
2023-women-wc,2023-12-02,first,90.5,0,8,0.05,83.7,52.5
2023-women-wc,2023-12-02,final,94.0,0,8,0.27,83.7,54.5
2023-women-wc,2023-12-02,first,92.0,0,8,0.12,83.9,53.0
2023-women-wc,2023-12-02,final,92.5,0,8,0.44,83.5,54.0
2023-women-wc,2023-12-02,first,96.0,0,8,0.06,84.2,53.5
2023-women-wc,2023-12-02,final,88.5,0,8,0.32,84.1,51.0
2023-women-wc,2023-12-02,first,96.0,0,8,0.40,83.5,49.5
2023-women-wc,2023-12-02,final,92.0,0,7,0.40,82.6,50.0
2023-women-wc,2023-12-02,first,90.5,0,8,0.26,84.2,53.0
2023-women-wc,2023-12-02,final,88.0,0,8,0.30,84.1,52.5
2023-women-wc,2023-12-02,first,90.0,0,8,0.15,84.6,51.0
2023-women-wc,2023-12-02,final,88.5,0,8,0.05,84.6,51.5
2023-women-wc,2023-12-02,first,89.0,0,8,0.08,83.4,51.5
2023-women-wc,2023-12-02,final,88.5,0,8,0.15,83.3,52.5
2023-women-wc,2023-12-02,first,89.5,0,8,0.43,84.4,52.0
2023-women-wc,2023-12-02,final,91.0,0,9,0.14,85.0,53.5
2023-women-wc,2023-12-02,first,89.5,0,8,0.18,84.2,51.5
2023-women-wc,2023-12-02,final,87.0,0,8,-0.06,84.0,52.0
2023-women-wc,2023-12-02,first,92.0,0,8,0.19,83.6,46.5
2023-women-wc,2023-12-02,final,86.0,0,8,-0.11,83.7,52.0
2023-women-wc,2023-12-02,first,91.0,0,9,0.18,84.1,52.0
2023-women-wc,2023-12-02,final,88.5,0,9,0.16,83.9,52.5
2023-women-wc,2023-12-02,first,89.0,0,8,0.03,83.7,50.0
2023-women-wc,2023-12-02,final,85.0,0,8,0.27,83.4,49.5
2023-women-wc,2023-12-02,first,87.5,0,8,0.08,83.9,49.0
2023-women-wc,2023-12-02,final,90.0,0,9,0.44,84.2,50.5
2023-women-wc,2023-12-02,first,87.5,0,8,0.59,83.9,51.0
2023-women-wc,2023-12-02,final,90.5,0,9,0.62,84.2,52.5
2023-women-wc,2023-12-02,first,87.5,0,9,-0.06,84.1,51.0
2023-women-wc,2023-12-02,final,90.0,0,9,0.51,83.8,52.5
2023-women-wc,2023-12-02,first,83.5,0,8,0.23,83.7,50.5
2023-women-wc,2023-12-02,final,90.0,0,9,-0.01,84.6,52.0
2023-women-wc,2023-12-02,first,91.5,0,9,0.58,84.2,52.0
2023-women-wc,2023-12-02,final,86.5,0,9,0.38,84.0,52.5
2023-women-wc,2023-12-02,first,87.5,0,9,0.08,84.3,52.0
2023-women-wc,2023-12-02,final,87.0,0,9,0.42,84.4,52.5
2023-women-wc,2023-12-02,first,83.0,0,8,0.01,84.0,51.0
2023-women-wc,2023-12-02,final,88.5,0,9,0.15,84.6,50.5
2023-women-wc,2023-12-02,first,82.0,0,8,-0.06,84.0,49.5
2023-women-wc,2023-12-02,final,87.5,0,9,-0.04,84.6,52.0
2023-women-wc,2023-12-02,first,84.0,0,8,0.37,83.9,50.5
2023-women-wc,2023-12-02,final,86.0,0,9,-0.13,84.8,51.0
2023-women-wc,2023-12-02,first,85.5,0,9,-0.06,84.3,51.0
2023-women-wc,2023-12-02,final,87.0,0,9,0.30,84.4,51.0
2023-women-wc,2023-12-02,first,79.5,0,8,0.08,83.2,49.5
2023-women-wc,2023-12-02,final,88.5,0,9,0.34,83.9,51.5
2023-women-wc,2023-12-02,first,79.5,0,9,-0.25,84.0,49.0
2023-women-wc,2023-12-02,final,88.0,0,9,0.12,84.0,51.0
2023-women-wc,2023-12-02,first,84.5,0,9,0.26,84.3,49.5
2023-women-wc,2023-12-02,final,85.0,0,9,0.25,84.5,51.0
2023-women-wc,2023-12-02,first,81.5,0,9,0.16,84.6,49.5
2023-women-wc,2023-12-02,final,86.0,0,9,0.00,84.5,51.0
2023-women-wc,2023-12-02,first,82.0,0,9,0.05,84.2,49.5
2023-women-wc,2023-12-02,final,85.0,0,9,0.20,84.4,51.0
2023-women-wc,2023-12-02,first,84.0,0,9,0.18,83.9,50.5
2023-women-wc,2023-12-02,final,81.0,0,9,-0.01,84.0,49.5
2023-women-wc,2023-12-02,first,78.5,0,8,-0.04,83.4,49.0
2023-women-wc,2023-12-02,final,82.0,0,9,0.19,84.0,50.0
2023-women-wc,2023-12-02,first,82.5,0,9,0.44,84.5,50.0
2023-women-wc,2023-12-02,final,77.5,0,9,-0.06,84.3,48.0
2023-women-wc,2023-12-02,first,81.5,0,9,0.24,84.6,49.5
2023-women-wc,2023-12-02,first,80.0,0,9,0.10,84.8,50.0
2023-women-wc,2023-12-02,first,79.0,0,9,-0.05,83.9,49.0
2023-women-wc,2023-12-02,first,78.0,0,9,-0.22,84.8,48.5
2023-women-wc,2023-12-02,first,77.5,0,9,-0.25,84.3,49.0
2023-women-wc,2023-12-02,first,80.0,0,9,0.32,84.2,48.0
2023-women-wc,2023-12-02,first,78.5,0,9,-0.09,84.1,47.0
2023-women-wc,2023-12-02,first,77.5,0,9,0.00,84.2,47.5
2023-women-wc,2023-12-02,first,72.5,0,9,0.00,84.2,47.0
2023-men-wc,2023-12-02,first,104.0,0,5,-0.19,83.0,58.5
2023-men-wc,2023-12-02,final,92.5,0,6,-1.73,83.6,56.5
2023-men-wc,2023-12-02,first,99.0,0,5,-0.58,83.5,57.0
2023-men-wc,2023-12-02,final,92.0,0,6,-2.01,84.3,56.0
2023-men-wc,2023-12-02,first,97.5,0,7,-1.43,84.0,55.5
2023-men-wc,2023-12-02,final,94.0,0,5,-1.34,82.7,55.5
2023-men-wc,2023-12-02,first,97.0,0,7,-1.32,84.3,55.5
2023-men-wc,2023-12-02,final,96.5,0,5,-0.86,83.2,56.0
2023-men-wc,2023-12-02,first,98.0,0,5,-0.44,82.9,55.5
2023-men-wc,2023-12-02,final,92.5,0,5,-1.40,82.8,54.0
2023-men-wc,2023-12-02,first,99.0,0,5,-0.23,82.9,57.0
2023-men-wc,2023-12-02,final,90.0,0,5,-1.67,82.8,54.5
2023-men-wc,2023-12-02,first,97.0,0,6,-0.74,83.4,55.5
2023-men-wc,2023-12-02,final,96.5,0,5,-0.79,82.5,55.5
2023-men-wc,2023-12-02,first,94.0,0,7,-1.74,84.0,55.5
2023-men-wc,2023-12-02,final,93.5,0,5,-0.99,82.7,55.5
2023-men-wc,2023-12-02,first,98.0,0,7,-0.96,84.3,56.5
2023-men-wc,2023-12-02,final,94.5,0,5,-0.82,83.0,55.5
2023-men-wc,2023-12-02,first,97.0,0,6,-0.86,83.5,56.5
2023-men-wc,2023-12-02,final,91.0,0,5,-1.12,83.0,54.0
2023-men-wc,2023-12-02,first,96.0,0,7,-1.39,84.4,55.0
2023-men-wc,2023-12-02,final,92.5,0,5,-0.67,82.8,54.0
2023-men-wc,2023-12-02,first,94.5,0,7,-1.24,83.9,55.0
2023-men-wc,2023-12-02,final,94.0,0,5,-0.61,82.6,55.5
2023-men-wc,2023-12-02,first,94.5,0,7,-1.24,84.3,54.5
2023-men-wc,2023-12-02,final,94.0,0,5,-0.65,82.8,55.0
2023-men-wc,2023-12-02,first,91.5,0,6,-1.06,83.0,51.5
2023-men-wc,2023-12-02,final,99.5,0,6,-0.58,83.0,55.5
2023-men-wc,2023-12-02,first,90.5,0,7,-1.44,83.6,54.0
2023-men-wc,2023-12-02,final,98.5,0,6,-0.63,83.2,57.0
2023-men-wc,2023-12-02,first,91.0,0,6,-1.22,83.2,53.5
2023-men-wc,2023-12-02,final,94.5,0,5,-0.69,82.5,55.0
2023-men-wc,2023-12-02,first,93.0,0,5,-0.55,82.6,54.0
2023-men-wc,2023-12-02,final,94.0,0,5,-0.63,82.5,54.5
2023-men-wc,2023-12-02,first,95.5,0,7,-1.09,84.0,54.0
2023-men-wc,2023-12-02,final,92.5,0,5,-0.62,82.3,54.5
2023-men-wc,2023-12-02,first,93.5,0,7,-1.20,84.1,54.5
2023-men-wc,2023-12-02,final,93.0,0,5,-0.65,82.9,55.0
2023-men-wc,2023-12-02,first,95.0,0,7,-1.17,84.3,53.0
2023-men-wc,2023-12-02,final,92.0,0,5,-0.84,82.8,53.5
2023-men-wc,2023-12-02,first,93.0,0,6,-1.16,83.0,51.5
2023-men-wc,2023-12-02,final,90.5,0,5,-0.86,82.3,52.5
2023-men-wc,2023-12-02,first,96.5,0,6,-0.07,83.1,54.5
2023-men-wc,2023-12-02,final,90.5,0,5,-0.87,82.8,53.5
2023-men-wc,2023-12-02,first,95.0,0,5,-0.03,82.7,55.0
2023-men-wc,2023-12-02,final,90.5,0,5,-0.69,82.7,52.5
2023-men-wc,2023-12-02,first,90.0,0,6,-1.24,83.2,52.5
2023-men-wc,2023-12-02,final,93.0,0,5,-0.43,82.8,53.5
2023-men-wc,2023-12-02,first,92.5,0,6,-1.03,83.7,52.5
2023-men-wc,2023-12-02,final,87.5,0,5,-0.97,82.9,52.5
2023-men-wc,2023-12-02,first,90.0,0,7,-1.39,84.2,52.5
2023-men-wc,2023-12-02,final,92.5,0,6,-0.86,83.4,54.0
2023-men-wc,2023-12-02,first,91.5,0,6,-1.13,83.4,50.0
2023-men-wc,2023-12-02,final,90.0,0,6,-0.92,83.3,52.5
2023-men-wc,2023-12-02,first,95.5,0,6,-0.22,82.8,56.0
2023-men-wc,2023-12-02,final,85.0,0,5,-0.88,82.1,51.0
2023-men-wc,2023-12-02,first,89.0,0,6,-1.16,83.1,51.0
2023-men-wc,2023-12-02,final,87.0,0,6,-1.30,83.0,51.5
2023-men-wc,2023-12-02,first,88.5,0,7,-1.72,83.7,51.0
2023-men-wc,2023-12-02,final,86.5,0,6,-1.17,83.4,52.0
2023-men-wc,2023-12-02,first,89.5,0,5,-0.37,82.6,53.0
2023-men-wc,2023-12-02,first,92.0,0,5,0.12,82.3,53.0
2023-men-wc,2023-12-02,first,87.0,0,7,-1.74,84.1,52.0
2023-men-wc,2023-12-02,first,92.0,0,5,0.05,82.5,51.5
2023-men-wc,2023-12-02,first,91.5,0,6,-0.51,83.0,51.5
2023-men-wc,2023-12-02,first,89.5,0,6,-0.73,83.6,52.0
2023-men-wc,2023-12-02,first,89.5,0,5,-0.32,82.3,51.0
2023-men-wc,2023-12-02,first,85.0,0,6,-1.60,82.8,50.0
2023-men-wc,2023-12-02,first,87.5,0,5,-0.51,82.5,51.5
2023-men-wc,2023-12-02,first,87.0,0,5,-0.56,82.3,51.0
2023-men-wc,2023-12-02,first,86.5,0,7,-1.54,84.1,51.0
2023-men-wc,2023-12-02,first,92.0,0,6,0.01,83.0,53.0
2023-men-wc,2023-12-02,first,84.0,0,7,-1.99,83.9,50.0
2023-men-wc,2023-12-02,first,85.5,0,6,-1.31,83.2,48.5
2023-men-wc,2023-12-02,first,87.0,0,6,-1.05,83.4,48.5
2023-men-wc,2023-12-02,first,86.0,0,5,-0.61,82.7,49.5
2023-men-wc,2023-12-02,first,89.0,0,6,-0.21,82.5,53.0
2023-men-wc,2023-12-02,first,89.5,0,6,-0.19,82.8,50.5
2023-men-wc,2023-12-02,first,85.5,0,5,-0.45,82.6,49.0
2023-men-wc,2023-12-02,first,82.0,0,6,-1.16,83.3,49.0
2026-women-jwc,2026-03-04,first,95.0,0,15,1.39,86.3,51.5
2026-women-jwc,2026-03-04,final,98.0,0,15,0.93,87.5,46.0
2026-women-jwc,2026-03-04,first,94.0,0,15,1.50,85.5,53.0
2026-women-jwc,2026-03-04,final,93.5,0,15,0.60,87.3,51.5
2026-women-jwc,2026-03-04,first,99.0,0,16,1.71,86.6,42.0
2026-women-jwc,2026-03-04,final,97.0,0,16,0.33,87.5,52.0
2026-women-jwc,2026-03-04,first,91.0,0,15,1.05,86.1,51.0
2026-women-jwc,2026-03-04,final,91.5,0,15,0.60,86.8,50.5
2026-women-jwc,2026-03-04,first,93.0,0,16,1.14,87.0,50.0
2026-women-jwc,2026-03-04,final,90.5,0,16,0.20,87.1,51.0
2026-women-jwc,2026-03-04,first,91.0,0,16,1.35,86.9,50.0
2026-women-jwc,2026-03-04,final,93.5,0,16,0.25,87.9,49.5
2026-women-jwc,2026-03-04,first,94.0,0,16,1.12,87.0,52.0
2026-women-jwc,2026-03-04,final,86.5,0,15,0.62,86.8,49.5
2026-women-jwc,2026-03-04,first,86.5,0,16,0.55,87.4,48.0
2026-women-jwc,2026-03-04,final,95.5,0,16,0.45,87.9,50.0
2026-women-jwc,2026-03-04,first,92.0,0,16,0.82,86.9,51.0
2026-women-jwc,2026-03-04,final,87.0,0,16,-0.17,87.3,49.5
2026-women-jwc,2026-03-04,first,83.5,0,15,0.81,86.2,47.5
2026-women-jwc,2026-03-04,final,92.5,0,16,0.86,87.0,50.0
2026-women-jwc,2026-03-04,first,82.5,0,15,0.43,85.4,47.5
2026-women-jwc,2026-03-04,final,92.0,0,16,0.77,87.0,49.0
2026-women-jwc,2026-03-04,first,89.0,0,16,0.89,87.4,49.5
2026-women-jwc,2026-03-04,final,87.0,0,16,0.41,87.4,49.5
2026-women-jwc,2026-03-04,first,93.0,0,16,0.78,86.9,50.0
2026-women-jwc,2026-03-04,final,91.5,0,16,1.17,87.1,37.0
2026-women-jwc,2026-03-04,first,88.0,0,16,0.54,86.8,48.0
2026-women-jwc,2026-03-04,final,86.5,0,16,0.11,87.4,48.0
2026-women-jwc,2026-03-04,first,84.0,0,16,0.78,86.5,49.0
2026-women-jwc,2026-03-04,final,93.0,0,16,0.94,86.5,48.0
2026-women-jwc,2026-03-04,first,89.5,0,16,1.14,86.8,49.0
2026-women-jwc,2026-03-04,final,84.0,0,16,0.12,87.4,48.0
2026-women-jwc,2026-03-04,first,87.0,0,16,0.70,87.6,49.5
2026-women-jwc,2026-03-04,final,84.5,0,16,0.28,87.9,47.5
2026-women-jwc,2026-03-04,first,90.0,0,16,1.28,87.2,42.5
2026-women-jwc,2026-03-04,final,85.5,0,16,0.08,87.4,44.5
2026-women-jwc,2026-03-04,first,87.5,0,16,1.04,86.6,48.5
2026-women-jwc,2026-03-04,final,84.0,0,16,0.71,86.6,48.5
2026-women-jwc,2026-03-04,first,86.0,0,16,1.23,86.8,48.0
2026-women-jwc,2026-03-04,final,89.5,0,16,1.13,86.9,45.5
2026-women-jwc,2026-03-04,first,82.5,0,16,0.61,87.4,49.0
2026-women-jwc,2026-03-04,final,86.0,0,16,0.69,87.5,49.0
2026-women-jwc,2026-03-04,first,83.0,0,16,1.11,86.9,50.5
2026-women-jwc,2026-03-04,final,85.5,0,16,0.93,86.6,50.5
2026-women-jwc,2026-03-04,first,85.0,0,16,0.86,87.2,46.5
2026-women-jwc,2026-03-04,final,86.0,0,16,1.12,87.3,47.0
2026-women-jwc,2026-03-04,first,89.5,0,16,2.19,87.0,46.5
2026-women-jwc,2026-03-04,final,86.5,0,16,0.97,87.0,46.0
2026-women-jwc,2026-03-04,first,86.0,0,16,0.77,86.9,48.0
2026-women-jwc,2026-03-04,final,84.0,0,16,1.28,86.7,47.0
2026-women-jwc,2026-03-04,first,84.5,0,16,0.89,86.9,48.5
2026-women-jwc,2026-03-04,final,82.5,0,16,0.91,86.9,48.0
2026-women-jwc,2026-03-04,first,89.0,0,16,1.69,86.5,48.0
2026-women-jwc,2026-03-04,final,77.0,0,16,-0.23,87.0,45.5
2026-women-jwc,2026-03-04,first,88.0,0,16,2.10,86.9,48.0
2026-women-jwc,2026-03-04,final,80.0,0,16,0.87,86.8,48.0
2026-women-jwc,2026-03-04,first,93.0,0,16,2.10,87.0,43.0
2026-women-jwc,2026-03-04,final,77.0,0,16,0.20,87.0,43.0
2026-women-jwc,2026-03-04,first,83.5,0,16,0.79,86.4,48.5
2026-women-jwc,2026-03-04,final,80.0,0,16,1.24,86.4,46.5
2026-women-jwc,2026-03-04,first,83.0,0,16,0.86,86.7,48.0
2026-women-jwc,2026-03-04,first,83.5,0,16,1.03,86.8,48.0
2026-women-jwc,2026-03-04,first,87.0,0,16,1.97,87.2,48.0
2026-women-jwc,2026-03-04,first,83.0,0,16,0.81,87.7,46.5
2026-women-jwc,2026-03-04,first,85.5,0,16,1.41,86.7,45.5
2026-women-jwc,2026-03-04,first,85.0,0,16,2.01,85.6,48.0
2026-women-jwc,2026-03-04,first,84.0,0,16,1.75,87.0,45.5
2026-women-jwc,2026-03-04,first,86.0,0,16,1.99,86.7,43.0
2026-women-jwc,2026-03-04,first,81.0,0,16,1.28,86.3,46.5
2026-women-jwc,2026-03-04,first,81.0,0,16,1.42,87.2,43.0
2026-women-jwc,2026-03-04,first,79.5,0,16,1.49,86.8,44.5
2026-women-jwc,2026-03-04,first,82.5,0,16,2.39,86.0,45.0
2026-women-jwc,2026-03-04,first,77.0,0,16,1.34,87.1,47.5
2026-women-jwc,2026-03-04,first,74.5,0,16,1.40,86.6,45.5
2026-women-jwc,2026-03-04,first,80.0,0,16,2.34,87.1,41.5
2026-women-jwc,2026-03-04,first,75.0,0,16,1.87,87.0,43.5
2026-women-jwc,2026-03-04,first,65.5,0,16,0.83,85.9,43.0
2026-women-jwc,2026-03-04,first,61.5,0,16,0.71,86.4,42.0
2026-women-jwc,2026-03-04,first,54.5,0,16,2.03,86.4,42.0
2026-women-jwc,2026-03-04,first,66.0,1,16,2.29,86.4,17.0
